{
  "rank_for_90pct": 8,
  "rank_for_95pct": 12,
  "rank_for_99pct": 36,
  "schema_triple_count": 151,
  "source_target_columns": 16,
  "source_target_rows": 14,
  "top10_share": 0.933835368958633,
  "top1_share": 0.4437626014408249,
  "top3_share": 0.7761761275994146,
  "total_edges": 2423334
}